index,ticid,tceid,probability
0,4735737,00004735737-01,0.2526909500360489
1,4751714,00004751714-01,0.011096747641568072
2,5080227,00005080227-01,0.04881745617130946
3,8967242,00008967242-01,0.39184672236442564
4,9391225,00009391225-01,3.735652911983681e-05
5,9391226,00009391226-01,2.2529004530160824e-05
6,9391285,00009391285-01,0.004010124085493771
7,9391285,00009391285-02,0.004451233745885475
8,9461737,00009461737-01,0.01665368063841015
9,9461737,00009461737-02,0.004106424603742198
10,10111251,00010111251-01,1.0726664317672885e-05
11,10184244,00010184244-01,0.002233363281751366
12,10202502,00010202502-01,0.06786874749232083
13,11895653,00011895653-01,0.0018224773328500026
14,11906983,00011906983-01,0.029160528743697966
15,11908422,00011908422-01,0.12584621245041488
16,14826027,00014826027-01,0.00038684813149352236
17,14826027,00014826027-02,0.002065442203115708
18,14826027,00014826027-03,0.020215739571722225
19,14948284,00014948284-01,0.26850066483020785
20,17740827,00017740827-01,0.006909066416847054
21,17993892,00017993892-01,0.8564075887203216
22,18022414,00018022414-01,1.4156227267301435e-08
23,18028547,00018028547-01,0.08911438351497054
24,18029695,00018029695-01,5.8112022304523946e-05
25,21549606,00021549606-01,0.0007549026439784473
26,22017780,00022017780-01,0.018629327391681726
27,22818693,00022818693-01,0.30372913014143704
28,48021750,00048021750-01,0.0001885699023205234
29,53566790,00053566790-01,0.08550439523532986
30,55752857,00055752857-01,0.0009432594949316808
31,55753802,00055753802-01,6.838488786589658e-05
32,55753802,00055753802-02,4.361938505779116e-05
33,55753808,00055753808-01,0.000330885314247098
34,55753808,00055753808-02,0.0006365334311425386
35,55778901,00055778901-01,6.370156411366068e-05
36,55778901,00055778901-02,4.24586235599822e-05
37,61285257,00061285257-01,0.009972543786716415
38,61285257,00061285257-02,0.007424565887777135
39,61285257,00061285257-03,0.00811089930939488
40,61323985,00061323985-01,7.280290556629935e-05
41,63189582,00063189582-01,0.22852611616253854
42,63309085,00063309085-01,5.346422429973411e-07
43,67402596,00067402596-01,0.012811170984059572
44,67444574,00067444574-01,3.375359781121596e-07
45,67474119,00067474119-01,0.0021967995202430758
46,67474119,00067474119-02,0.0013243215633337968
47,67474119,00067474119-03,0.0008431633934378624
48,77139245,00077139245-01,0.0014078366971546075
49,77139245,00077139245-02,0.003102869471649683
50,77139245,00077139245-03,0.05867034224793315
51,77139245,00077139245-04,0.0019021906396385624
52,77172655,00077172655-01,0.0007346543786432846
53,82286093,00082286093-01,0.0009732615706986817
54,82332102,00082332102-01,0.0429362961384868
55,82594909,00082594909-01,0.029235464177832404
56,82594909,00082594909-02,7.662101750183226e-05
57,85245420,00085245420-01,0.004891466012153564
58,85334035,00085334035-01,0.010002044554130406
59,85334035,00085334035-02,0.01413944691157667
60,85335956,00085335956-01,0.0005226304573074203
61,86152451,00086152451-01,7.178799983204272e-05
62,86178367,00086178367-01,0.01291798829270192
63,86182628,00086182628-01,0.3635238096117973
64,95742888,00095742888-01,0.028059455135371537
65,95778110,00095778110-01,0.7080776304006576
66,95778443,00095778443-01,0.2644711046712473
67,95856782,00095856782-01,0.2246858613449149
68,95858936,00095858936-01,0.004379367241926957
69,95859252,00095859252-01,9.525670652955466e-12
70,95927692,00095927692-01,0.006622792918642517
71,95927692,00095927692-02,0.00498800115656195
72,97470889,00097470889-01,5.769587696770468e-07
73,97486585,00097486585-01,0.05783588005870115
74,97486585,00097486585-02,0.0005224148667821282
75,97486585,00097486585-04,0.0030955607682699336
76,97486585,00097486585-03,0.10646859761327505
77,97487099,00097487099-01,1.7741667805646314e-07
78,97522920,00097522920-01,0.08597104745904816
79,97524628,00097524628-01,0.11725008604116738
80,97757815,00097757815-01,5.728396084236939e-06
81,98337456,00098337456-01,0.39060775488615035
82,99254945,00099254945-01,0.006214007384551223
83,99254945,00099254945-02,0.11074670316884294
84,99269890,00099269890-01,0.010951031086733565
85,99269890,00099269890-03,0.006001635437132791
86,99269890,00099269890-02,0.006633390072147449
87,99302859,00099302859-01,2.757016285722391e-07
88,99302859,00099302859-02,0.00012795536385664275
89,115920747,00115920747-01,0.6649009704589843
90,115920747,00115920747-02,0.01607523598213447
91,119584412,00119584412-01,0.4003046043217182
92,135083444,00135083444-01,0.46215333342552184
93,135084513,00135084513-01,0.1379108691588044
94,135085261,00135085261-01,0.00390830676733458
95,135085261,00135085261-02,0.008430166034804643
96,135086433,00135086433-01,0.023418123950250447
97,135086433,00135086433-02,0.009008242347772467
98,135088521,00135088521-01,0.5748910695314408
99,135088521,00135088521-02,0.22937357053160667
100,135090643,00135090643-01,0.0020277122635354757
101,135100322,00135100322-01,0.010744821608221855
102,135101064,00135101064-01,0.18071409463882446
103,136947471,00136947471-01,3.248671085320629e-14
104,136995510,00136995510-01,0.0035510023979213657
105,136995510,00136995510-02,0.004488768561736833
106,137025855,00137025855-01,8.452055557495175e-06
107,137808982,00137808982-01,0.0002657569018680306
108,137834579,00137834579-01,0.025257975747808813
109,137835068,00137835068-01,0.0030956253882032493
110,138756003,00138756003-01,0.004867654691042844
111,138756003,00138756003-03,0.011269680631812662
112,138756003,00138756003-02,0.0002511211868508188
113,138762614,00138762614-01,0.15073527359636502
114,138819130,00138819130-01,0.8051185011863708
115,138819293,00138819293-01,0.8321104764938354
116,138822719,00138822719-01,2.8919716600128708e-06
117,138910382,00138910382-02,0.0008443812153865738
118,138910382,00138910382-01,0.18775968104600907
119,139053027,00139053027-01,5.585802022534114e-07
120,139053505,00139053505-01,0.0031147674760177322
121,139061135,00139061135-01,0.0015289128687641096
122,139061135,00139061135-02,0.0030071057674604163
123,139452314,00139452314-01,0.041448825167026374
124,141148940,00141148940-01,0.005388107287944877
125,141148944,00141148944-01,0.006325695304258261
126,141179506,00141179506-01,7.526276766396453e-07
127,141814272,00141814272-01,0.04320781984133646
128,141821186,00141821186-01,0.007564412604551762
129,142276270,00142276270-01,0.05082461868878454
130,142276270,00142276270-02,0.003761764941737056
131,142308209,00142308209-01,0.005874002226528318
132,142308209,00142308209-02,0.0069744053394515506
133,142308396,00142308396-01,0.014162686497388676
134,142373362,00142373362-01,0.0029133963990716437
135,142381532,00142381532-01,0.06605205480591395
136,142387023,00142387023-01,0.692441026866436
137,142387024,00142387024-01,0.49110686033964157
138,142394656,00142394656-01,0.8921535074710846
139,144376546,00144376546-01,3.711878959865578e-05
140,144376560,00144376560-01,0.0003273499430943794
141,144376560,00144376560-02,1.8853328239032408e-05
142,144376560,00144376560-03,0.0015866694640180867
143,144379971,00144379971-01,0.008853826547056087
144,144400022,00144400022-01,8.400276096476398e-08
145,144401492,00144401492-01,0.44020654633641243
146,144401492,00144401492-02,0.2556251548230648
147,147625755,00147625755-01,6.0732672138819056e-05
148,147625755,00147625755-02,0.0001444155565707206
149,147686743,00147686743-01,0.42966412007808685
150,148656659,00148656659-01,0.05106021098326892
151,148656659,00148656659-02,0.01932975514791906
152,148679712,00148679712-01,0.5187879770994186
153,148763842,00148763842-01,0.00012036257137308399
154,148914726,00148914726-01,0.8655396640300751
155,148963419,00148963419-01,3.657772764462663e-05
156,148963419,00148963419-03,0.030159444967284798
157,148963419,00148963419-02,0.004465361168695381
158,149470723,00149470723-01,0.040969682624563575
159,149470723,00149470723-02,0.020294341072440148
160,149472606,00149472606-01,0.1262822589444113
161,150326668,00150326668-01,0.10042084250599145
162,150326668,00150326668-02,0.0014292328763076511
163,150384819,00150384819-01,0.09076531399041414
164,153951307,00153951307-01,0.34950871840119363
165,153976712,00153976712-01,0.00430346952216496
166,153977353,00153977353-01,0.2093002861365676
167,153991851,00153991851-01,5.727272682616302e-05
168,153991851,00153991851-02,0.0008179559789368796
169,153991851,00153991851-03,0.0005231710679510116
170,154007402,00154007402-01,0.05316224023190443
171,154066690,00154066690-01,0.0012645030044950544
172,154067797,00154067797-01,0.00014607263150043793
173,154067797,00154067797-02,8.263790126061821e-05
174,154089169,00154089169-01,0.10966929635033011
175,154108146,00154108146-01,0.0028004123820210224
176,154108146,00154108146-02,0.003242071895056142
177,155915231,00155915231-01,0.0019935205004003365
178,155915231,00155915231-02,0.021989524969831108
179,156376126,00156376126-01,4.287277695489422e-05
180,156376126,00156376126-02,0.0003187837054781539
181,156380098,00156380098-01,5.81569485648848e-07
182,156462488,00156462488-01,0.34439420625567435
183,156996253,00156996253-01,0.2415522575378418
184,157018051,00157018051-01,0.43807384073734285
185,157273321,00157273321-01,0.0009934568515603814
186,157273362,00157273362-01,0.34659467041492464
187,158565141,00158565141-01,0.011902183663733013
188,158579379,00158579379-02,0.003878455149333604
189,158579379,00158579379-01,0.0010570315360382665
190,159464498,00159464498-01,0.10912109503988177
191,159506540,00159506540-01,2.8276147917652383e-07
192,159524748,00159524748-01,0.027896954187554
193,159527171,00159527171-01,0.020362138547352516
194,159570042,00159570042-01,0.23169946148991585
195,159613900,00159613900-01,0.01892976749149966
196,159628659,00159628659-01,0.0009210124005392117
197,159636127,00159636127-01,0.08045943733304739
198,160035228,00160035228-01,0.0013795238732082992
199,160425283,00160425283-01,0.0001863393224396601
200,160472514,00160472514-01,0.0006488987166449079
201,160472514,00160472514-02,0.001454670849670947
202,160472514,00160472514-03,0.014420840376988053
203,160472514,00160472514-04,6.26867119393637e-05
204,160519380,00160519380-01,2.1665106867553784e-06
205,160585813,00160585813-01,0.07633870895951986
206,160618494,00160618494-01,0.0068208762101676255
207,160618494,00160618494-02,0.004565330354944308
208,160618494,00160618494-03,0.014518639538437128
209,160618494,00160618494-04,0.021105079328845023
210,160619243,00160619243-01,0.00025292309972094076
211,160619243,00160619243-02,7.362297108203326e-08
212,160619243,00160619243-03,6.753009144076486e-05
213,161687311,00161687311-01,0.00019255875943109403
214,161687316,00161687316-01,0.00116765494694846
215,161687316,00161687316-02,0.0006745108432369307
216,161725464,00161725464-01,3.9255722375842494e-07
217,161725464,00161725464-02,2.016012764691712e-09
218,161725464,00161725464-03,0.00018409197109576781
219,161725464,00161725464-04,5.950235149078064e-06
220,161826756,00161826756-01,0.010008513983783423
221,165347888,00165347888-01,3.335327476934647e-10
222,165371937,00165371937-01,0.0023796219264113462
223,165426151,00165426151-01,9.842450634703524e-10
224,165428235,00165428235-01,0.00943765778788429
225,165428428,00165428428-01,0.003435031853004489
226,165453878,00165453878-01,0.03848853766685352
227,165453878,00165453878-02,0.006779455462674377
228,165470014,00165470014-01,7.31375964493321e-17
229,165470014,00165470014-02,1.0197018563493229e-10
230,165599287,00165599287-01,0.002013115199931101
231,165599288,00165599288-01,0.0007250302298663529
232,165599289,00165599289-01,0.0014064737208465523
233,165626871,00165626871-02,0.19431939837522805
234,165626871,00165626871-01,0.10487870443612338
235,165628502,00165628502-01,0.015887259013106815
236,165628502,00165628502-02,0.01377841473040462
237,165716470,00165716470-01,0.007050586718833074
238,165720650,00165720650-01,0.01754498552654695
239,165721304,00165721304-01,4.768675531658052e-24
240,165721554,00165721554-01,0.011913691629160894
241,165763244,00165763244-01,0.4205984562635422
242,165916576,00165916576-01,0.024138121916621458
243,165916576,00165916576-02,0.0005247981587444883
244,166074503,00166074503-01,0.005161694898060887
245,166087190,00166087190-01,0.0006819492390000657
246,166087190,00166087190-02,0.00036084892037706594
247,166178948,00166178948-01,0.0023518105040352564
248,166647000,00166647000-01,4.005419316124026e-05
249,166647000,00166647000-02,8.715387730051649e-05
250,166648874,00166648874-01,0.5748023331165314
251,173046203,00173046203-01,2.69950966984804e-06
252,180570279,00180570279-02,0.002212599031190621
253,180570279,00180570279-01,0.006893663103983272
254,180570279,00180570279-04,0.005952928547048941
255,180570279,00180570279-03,0.0011337605975171527
256,180670276,00180670276-01,0.42323234900832174
257,180671254,00180671254-01,8.691842313442526e-06
258,180671254,00180671254-02,2.3713458244655595e-05
259,180695581,00180695581-01,0.34014607071876524
260,193971913,00193971913-01,0.03091770983301103
261,193971913,00193971913-02,0.0032944106204240596
262,198153540,00198153540-01,0.42278255373239515
263,198181552,00198181552-01,0.6414015531539917
264,198187008,00198187008-01,0.01168126100074005
265,198212955,00198212955-01,0.19121002331376075
266,198242678,00198242678-01,0.011122747343199535
267,198242678,00198242678-03,0.0021306099148205248
268,198242678,00198242678-02,0.015485236467793585
269,198313291,00198313291-01,4.1666826220083944e-05
270,198317411,00198317411-01,4.431037140860539e-16
271,198354443,00198354443-01,0.00025889911007226374
272,198354443,00198354443-02,0.0001712932684313273
273,198358825,00198358825-01,0.05352487051859498
274,198382838,00198382838-01,0.023512803003177395
275,198388252,00198388252-01,0.01203315682143966
276,198388252,00198388252-02,0.004189802433211298
277,198390247,00198390247-01,0.6385459065437317
278,198408416,00198408416-01,2.2250083895158922e-05
279,198408416,00198408416-02,3.094050882768151e-05
280,198416591,00198416591-01,0.014353405872887696
281,198457457,00198457457-01,0.024481007394206243
282,198457457,00198457457-02,2.8116127227014456e-05
283,198537349,00198537349-01,0.2742600865662098
284,198537783,00198537783-01,1.6969490499813293e-08
285,198555959,00198555959-01,0.012450151939265196
286,198555959,00198555959-02,0.02393140151762054
287,199549116,00199549116-01,0.20180758684873581
288,199574208,00199574208-01,0.0999213267234154
289,199574208,00199574208-02,0.005100205844428274
290,199574208,00199574208-04,0.007910926615295466
291,199574208,00199574208-03,0.005607929241159581
292,199574208,00199574208-06,0.005455189137364869
293,199574208,00199574208-05,0.008352010998714831
294,199574211,00199574211-01,0.19151539243757726
295,199574211,00199574211-02,7.629265138583339e-09
296,199574211,00199574211-03,0.1037099139764905
297,199682037,00199682037-01,3.79532434515481e-05
298,199682037,00199682037-02,8.585888305274736e-05
299,199688409,00199688409-01,0.00030340565110122954
300,199688409,00199688409-02,0.002122694132805236
301,199688472,00199688472-01,0.36745105162262914
302,199709055,00199709055-01,0.11072263275273145
303,199716496,00199716496-01,0.0028304157102866157
304,202295392,00202295392-01,0.010939907154534013
305,202295392,00202295392-02,0.0011939048571889543
306,202299805,00202299805-01,0.00031787972009595934
307,202299805,00202299805-02,0.004043284452200169
308,202442974,00202442974-01,0.0030183919803050685
309,202442974,00202442974-02,0.004283737911487151
310,202444594,00202444594-01,0.4217286974191666
311,202489696,00202489696-01,0.05327697743487079
312,202490797,00202490797-01,0.08468967494554817
313,202509016,00202509016-01,0.009780724010488484
314,202509016,00202509016-02,0.013265756505643368
315,202509187,00202509187-01,2.492697783864807e-05
316,202509442,00202509442-01,2.794143184280221e-05
317,207343225,00207343225-01,2.4825283512847073e-05
318,207343225,00207343225-02,4.521678501055895e-05
319,207397638,00207397638-01,0.47747776508331297
320,207398432,00207398432-01,0.016007775580510496
321,207398432,00207398432-02,7.459552337937027e-05
322,207425167,00207425167-01,0.7197763219475746
323,207425167,00207425167-02,0.12498620743863284
324,207435297,00207435297-01,0.10866382867097854
325,207493152,00207493152-01,0.882248455286026
326,207493152,00207493152-02,0.21313819326460362
327,207496306,00207496306-01,2.8269597249455658e-05
328,207496306,00207496306-02,4.727424341311598e-06
329,207496824,00207496824-01,0.0007514271496120272
330,207496824,00207496824-02,0.0004009350010164781
331,219013711,00219013711-01,5.7121543669848944e-08
332,219016721,00219016721-01,0.3768821243196726
333,219016721,00219016721-02,0.001960797683932469
334,219033506,00219033506-01,0.0010181782398831275
335,219033506,00219033506-02,0.15606844881549478
336,219033506,00219033506-03,0.0007900492589882901
337,219040975,00219040975-01,0.020999702648259698
338,219096494,00219096494-01,0.36583328396081927
339,219109908,00219109908-01,0.0004300941753307086
340,219428571,00219428571-01,5.218212088054068e-05
341,219435542,00219435542-01,0.1252592897741124
342,219732655,00219732655-01,0.003639902794179551
343,219738202,00219738202-01,0.0005108070929622955
344,219738202,00219738202-02,0.0005815524117224413
345,219740926,00219740926-01,0.0060866961626743436
346,219750638,00219750638-01,0.0014512224784084538
347,219750638,00219750638-02,0.028836835133552084
348,219751969,00219751969-02,0.0036073753604796365
349,219751969,00219751969-01,0.003699974271876272
350,219751969,00219751969-03,0.0012598032096832411
351,219765652,00219765652-01,0.005936278778244741
352,219771660,00219771660-01,0.43366547524929044
353,219788401,00219788401-01,1.2992388359614626e-05
354,219790151,00219790151-01,0.05384069199617443
355,219790151,00219790151-02,0.0014059773422559374
356,219823570,00219823570-01,5.147171876940709e-06
357,219859691,00219859691-01,9.881269917038083e-05
358,219859691,00219859691-02,0.0007099456956595418
359,219882262,00219882262-01,0.6900368630886078
360,219900027,00219900027-01,1.4739595277690753e-05
361,219900027,00219900027-02,0.0004107047246861839
362,224297258,00224297258-01,0.4140311494469643
363,224297408,00224297408-01,0.26054477989673613
364,224304406,00224304406-01,0.020929440204054118
365,224601129,00224601129-01,0.00795078906373361
366,229480487,00229480487-01,0.08308710095006973
367,229487733,00229487733-01,0.7306218892335892
368,229501295,00229501295-01,0.009201717034966573
369,229585356,00229585356-01,0.002505842927712365
370,229585365,00229585365-01,0.41051111835986376
371,229585542,00229585542-01,1.0061561801655294e-05
372,229588059,00229588059-01,0.0008484097494942944
373,229597113,00229597113-01,0.0015452539242687634
374,229597113,00229597113-02,2.8562153933330374e-06
375,229652641,00229652641-01,1.5578864695092726e-12
376,229652641,00229652641-02,2.878033595270392e-08
377,229655906,00229655906-01,4.269270558939627e-05
378,229687624,00229687624-01,1.3971597304283239e-05
379,229751802,00229751802-01,0.00048138101880397245
380,229751802,00229751802-02,0.0006453038029462732
381,229759788,00229759788-01,0.003377631727153967
382,229771234,00229771234-01,7.775409012877877e-06
383,229776076,00229776076-01,0.13733331812545657
384,229776076,00229776076-02,0.06191148312063888
385,229779790,00229779790-01,0.12291645295917988
386,229788204,00229788204-01,0.1681362624680105
387,229790589,00229790589-01,0.00011853003309166277
388,229791903,00229791903-01,0.004995698751008604
389,229791903,00229791903-02,0.005530370949418284
390,229791903,00229791903-03,0.0018925711774500087
391,229791903,00229791903-04,0.002015122050579521
392,229913521,00229913521-01,1.3070742057141871e-06
393,229913521,00229913521-02,2.968133318713385e-06
394,229913521,00229913521-03,2.8739882014860996e-05
395,229914020,00229914020-01,0.00019470023673875402
396,229914020,00229914020-02,0.00122748452417909
397,229944188,00229944188-01,0.23969608284533023
398,229975095,00229975095-01,0.3654482036828995
399,230056235,00230056235-01,0.0010994796094503643
400,230061567,00230061567-01,8.520818568542077e-07
401,230063769,00230063769-01,0.4162094905972481
402,230063769,00230063769-02,0.04707234068919206
403,230065619,00230065619-01,0.17028644136735238
404,230065962,00230065962-01,0.0912889737635851
405,230065962,00230065962-02,0.0336322381393984
406,230083417,00230083417-01,7.202683090503896e-14
407,230086768,00230086768-01,0.19177665635943414
408,230088370,00230088370-01,0.9302087128162384
409,230114503,00230114503-01,0.011035878621623852
410,230114503,00230114503-02,0.010895436681630599
411,230127302,00230127302-01,0.4277692038565874
412,230136846,00230136846-01,0.0066752421204000715
413,230386397,00230386397-01,0.33888531625270846
414,232612416,00232612416-01,0.9478651821613312
415,232628654,00232628654-01,6.72892779533705e-05
416,232629077,00232629077-01,0.026066592044662683
417,232629077,00232629077-02,0.0015941822692639106
418,232634180,00232634180-01,0.01748981072450988
419,232634180,00232634180-02,0.0068958707022829914
420,232634196,00232634196-01,0.0005856682046214701
421,232634196,00232634196-02,4.7035360184377596e-05
422,232643392,00232643392-01,0.27985103502869607
423,232643392,00232643392-02,0.1903166424483061
424,232965249,00232965249-01,0.01774636941263452
425,232965249,00232965249-02,0.0022780919720844393
426,232967440,00232967440-01,0.5055082991719246
427,232977165,00232977165-01,0.09525538589805364
428,232977165,00232977165-02,0.010243210091721267
429,233080133,00233080133-01,0.00343922628526343
430,233087860,00233087860-01,0.6419072240591049
431,233120979,00233120979-01,0.8297752499580383
432,233124538,00233124538-01,0.00607090827452339
433,233124538,00233124538-02,0.0028725044132443143
434,233131533,00233131533-01,0.02057090094194791
435,233163632,00233163632-01,0.013026303301739973
436,233166338,00233166338-01,0.16340722170425578
437,233207585,00233207585-01,6.339944222146787e-05
438,233207585,00233207585-02,1.3763462436200413e-05
439,233208885,00233208885-01,0.0029165117651245966
440,233208885,00233208885-02,0.0017517867812784972
441,233208885,00233208885-03,0.0031511038384905987
442,233211762,00233211762-01,0.5360568784177303
443,233211762,00233211762-02,0.1364258911460638
444,233233639,00233233639-01,0.0012331923845522396
445,233233639,00233233639-02,9.855954333345868e-13
446,233233639,00233233639-03,8.287607300765472e-08
447,233460141,00233460141-01,0.07031569946557284
448,233532554,00233532554-01,0.0005065940104458377
449,233532554,00233532554-03,0.0015131396075958037
450,233532554,00233532554-02,0.0022163044346598325
451,233532554,00233532554-04,0.0036596119149180594
452,233532554,00233532554-05,0.003333126535289921
453,233539736,00233539736-01,8.276323687628206e-06
454,233541860,00233541860-01,0.046506648452486844
455,233547261,00233547261-01,6.82061832111766e-07
456,233679640,00233679640-01,0.0001316010173354698
457,233679640,00233679640-02,0.00012901764194217513
458,233679640,00233679640-03,4.870494312712026e-05
459,233681149,00233681149-01,0.7622588753700257
460,233684822,00233684822-01,0.43594284579157827
461,233720276,00233720276-01,0.024324898546910844
462,233720276,00233720276-03,7.773752167340984e-27
463,233720276,00233720276-02,0.011531455488875509
464,233740210,00233740210-01,0.001467099352612422
465,235679672,00235679672-01,0.01979707232603687
466,236712667,00236712667-01,1.0912515125747447e-05
467,236714379,00236714379-01,0.19391417726874352
468,236776750,00236776750-01,0.00010840725957169672
469,236776750,00236776750-02,8.363817599530421e-05
470,236778955,00236778955-01,0.015451234541251324
471,236778955,00236778955-02,4.648027968552348e-05
472,237130278,00237130278-01,0.00011343397707337388
473,237200747,00237200747-01,0.13043633550405503
474,237200747,00237200747-02,0.009285874727368824
475,237222539,00237222539-01,0.0001024421254752994
476,237222864,00237222864-01,0.7577956438064575
477,237277760,00237277760-01,0.01346615029106033
478,237277760,00237277760-02,0.00241440798313306
479,237278994,00237278994-01,1.8318805927816118e-05
480,240175453,00240175453-01,0.012767476611332772
481,243248327,00243248327-01,0.006596432522201212
482,243248327,00243248327-02,0.0016965977355539509
483,253050844,00253050844-01,2.0007173398355833e-07
484,253052686,00253052686-01,0.00036504887417976306
485,253052686,00253052686-02,0.0005602943988236575
486,255806138,00255806138-01,0.001819470524060307
487,255921197,00255921197-01,0.03197336699813604
488,255921197,00255921197-02,0.0028840784402746067
489,256298934,00256298934-01,8.691714841848607e-05
490,256298934,00256298934-02,6.106382180854492e-06
491,257023157,00257023157-01,8.736303890312063e-06
492,257048637,00257048637-01,0.00017139818133427893
493,257048642,00257048642-01,1.5720542660968562e-06
494,257048642,00257048642-02,0.1265046186046675
495,258351350,00258351350-01,0.0004029961404441451
496,258351350,00258351350-02,0.002218773231055593
497,258771803,00258771803-01,0.0005983869931242225
498,258777137,00258777137-01,0.7827537655830383
499,258799793,00258799793-01,2.012167825675353e-06
500,258954458,00258954458-01,0.00010485076341454393
501,259006185,00259006185-01,0.006437165218085283
502,259006185,00259006185-02,0.004224329613384726
503,259126645,00259126645-01,0.062006564962212
504,259126645,00259126645-03,0.0013089083186059725
505,259126645,00259126645-02,0.0020633257805457105
506,259126645,00259126645-04,0.04617210826709197
507,259234246,00259234246-01,0.07037950320284665
508,259236364,00259236364-01,0.005668796473037219
509,263930790,00263930790-01,0.0005981818571257236
510,263930790,00263930790-02,0.0006187484434803991
511,263930790,00263930790-03,0.0019378063396743527
512,264175503,00264175503-01,0.20157674178481103
513,269696438,00269696438-01,0.461642661690712
514,269698422,00269698422-01,0.3418109521269798
515,269698740,00269698740-01,0.0011131021155961207
516,269701147,00269701147-01,0.9326600968837738
517,270491761,00270491761-01,0.0019211067178491969
518,272615711,00272615711-01,0.00678423851420072
519,272615711,00272615711-02,0.0028350011945761366
520,272650576,00272650576-01,0.016912444931222126
521,272650576,00272650576-02,0.028193085320526733
522,272669886,00272669886-01,0.00034542196137365977
523,272672133,00272672133-01,0.8218748807907105
524,272781244,00272781244-01,0.019512839689559767
525,272781624,00272781624-01,1.3834729616608689e-08
526,272781956,00272781956-01,0.0014208143350685986
527,272781956,00272781956-02,0.006235981771897059
528,272785770,00272785770-01,0.03799055865219998
529,280031832,00280031832-01,0.37602884992957114
530,280033918,00280033918-01,0.00013264775391705897
531,280163882,00280163882-01,1.4161338760856618e-05
532,282924402,00282924402-01,0.02785293761990033
533,282925798,00282925798-01,0.007358136432594619
534,284062093,00284062093-01,0.0330556435068047
535,284595199,00284595199-01,0.001142244536401904
536,284595199,00284595199-02,0.0009100268110159959
537,284595199,00284595199-03,0.0008749118496780284
538,284891601,00284891601-01,0.00011860407902393177
539,285094436,00285094436-01,0.032155331852845845
540,286169068,00286169068-01,0.00028316772921712643
541,286169292,00286169292-01,0.00038114733289447146
542,286169292,00286169292-02,0.0006995668822014523
543,286900208,00286900208-01,0.0009611620920622954
544,286900208,00286900208-02,0.00033863027914549093
545,286916251,00286916251-01,0.39597038775682447
546,286923464,00286923464-01,0.8548098504543304
547,286924945,00286924945-01,0.005528635098979077
548,286924945,00286924945-02,0.0027267542835033966
549,286924946,00286924946-01,0.007774603508071265
550,286924946,00286924946-02,0.005870029482740463
551,286925209,00286925209-01,0.008101773919770494
552,287080092,00287080092-01,0.4290890239179134
553,287085893,00287085893-01,0.0011809785819735907
554,287085893,00287085893-02,0.0010950317915018105
555,287151976,00287151976-01,0.03614445409475593
556,288312840,00288312840-01,0.0005958965018521667
557,288312840,00288312840-02,0.0002956941138386071
558,288344202,00288344202-01,0.003426549823427569
559,288391801,00288391801-01,0.01087452210194897
560,288391801,00288391801-02,9.48964439716704e-05
561,288391801,00288391801-03,2.8472619241109996e-05
562,288434140,00288434140-01,0.10141494451090693
563,288434140,00288434140-02,0.002404922529240139
564,288434781,00288434781-01,0.23354164856718854
565,288434781,00288434781-02,0.005159492415441491
566,288471108,00288471108-01,0.007464481734496075
567,288471108,00288471108-02,0.0035206118779569804
568,289522461,00289522461-01,0.018031643884023653
569,291074569,00291074569-01,0.0006495730915048626
570,291108915,00291108915-01,0.00011584173365340763
571,293567585,00293567585-01,0.08352818209677934
572,298164752,00298164752-01,4.031458498185089e-05
573,298665328,00298665328-01,0.024329045343620237
574,298666530,00298666530-01,0.0036265494007011513
575,307734817,00307734817-01,0.7791116237640381
576,307986093,00307986093-01,0.2893232434988022
577,309720946,00309720946-01,0.19126274026930332
578,309720946,00309720946-02,0.048921878635883334
579,310394398,00310394398-01,0.0014812618004709677
580,310994603,00310994603-01,4.245216589351115e-06
581,311035838,00311035838-01,0.8559171557426453
582,311070085,00311070085-01,0.0019298716777029767
583,311070085,00311070085-02,0.0026776516329164225
584,311188656,00311188656-01,0.37719709426164627
585,313110473,00313110473-01,0.0037057477122289127
586,313274615,00313274615-01,0.0012698915793627919
587,316333039,00316333039-02,0.0006991312228819879
588,316333039,00316333039-01,0.0003012696402237225
589,316333039,00316333039-03,0.0018909391054286206
590,316450573,00316450573-01,0.003693152447317516
591,316450573,00316450573-02,0.004406165133354989
592,316450573,00316450573-03,0.0011265505214623772
593,320211179,00320211179-01,0.007372217225292843
594,320323992,00320323992-01,0.000102511489474022
595,320323992,00320323992-02,0.00012038462800587624
596,320336697,00320336697-01,0.04802091511082836
597,328860378,00328860378-01,0.10274761735345236
598,328862783,00328862783-01,0.8423808336257934
599,329246824,00329246824-01,3.021581599593759e-05
600,329246824,00329246824-02,6.143936524898308e-05
601,329248002,00329248002-01,0.008254313311772421
602,332229735,00332229735-01,0.06925055848259945
603,332277332,00332277332-01,0.0016131416157804778
604,332277332,00332277332-02,0.002187441501928333
605,332314337,00332314337-01,0.015567879896843806
606,332334202,00332334202-01,0.3953880719840527
607,332334202,00332334202-02,0.39394379779696465
608,332350654,00332350654-01,0.07892395271919668
609,334637014,00334637014-01,0.0008535508000872223
610,337283924,00337283924-01,1.9297722446590878e-08
611,341525754,00341525754-01,0.003228578939160798
612,341525754,00341525754-02,0.0033464531659774368
613,347329162,00347329162-01,0.8961195170879364
614,353780525,00353780525-01,1.6165468876955183e-07
615,353780788,00353780788-01,0.00013626045920283046
616,353808664,00353808664-01,8.423786050713034e-05
617,353854078,00353854078-01,0.00016928777146620888
618,353854078,00353854078-02,2.3973869130450777e-14
619,353854078,00353854078-03,0.00017115230860795805
620,353894978,00353894978-01,0.01648721384408418
621,353898013,00353898013-01,0.0032743669689807575
622,353939279,00353939279-01,8.451316934854347e-06
623,353939279,00353939279-02,2.147322623072484e-06
624,353939279,00353939279-03,0.00035965229675696266
625,353989471,00353989471-01,6.602941648061878e-06
626,354034635,00354034635-01,0.2726436473429203
627,356015357,00356015357-01,0.4071913331747055
628,356015357,00356015357-02,0.23471433948725462
629,356632361,00356632361-01,0.10003055915003642
630,356698517,00356698517-01,1.4008182504827917e-21
631,356701798,00356701798-01,0.0007339790413425362
632,356701798,00356701798-02,0.001344725784053935
633,356702180,00356702180-01,0.008477441450668265
634,356702180,00356702180-02,0.001466512463230174
635,356820646,00356820646-01,0.00015296732525733604
636,356820646,00356820646-02,0.010744046002314682
637,356896550,00356896550-01,0.004927220019851575
638,356896561,00356896561-01,0.01031916456122417
639,357032546,00357032546-01,0.00029570179528484177
640,357032546,00357032546-02,0.06187421975191683
641,357032546,00357032546-03,0.009303434997309522
642,357050556,00357050556-01,0.0022957389235671146
643,357050556,00357050556-02,0.00021780665925348331
644,357289408,00357289408-01,0.401410361379385
645,357372327,00357372327-02,0.00031652686496101977
646,357372327,00357372327-01,0.0005995560983166115
647,357372327,00357372327-03,0.003525122858627583
648,357372327,00357372327-04,0.0003194467591029593
649,358790031,00358790031-01,4.813590251233068e-05
650,358790031,00358790031-02,0.0028204300037032227
651,359313701,00359313701-01,0.06924929985925701
652,359496368,00359496368-01,0.19445108026266097
653,359497418,00359497418-01,0.006331273798787151
654,359497418,00359497418-02,0.005198231000736087
655,359552377,00359552377-01,0.00158041465037968
656,359552377,00359552377-02,0.0028857361118298287
657,359631482,00359631482-01,2.971745504557477e-05
658,359675849,00359675849-01,0.03134380257688463
659,359675849,00359675849-02,0.00013257070952690241
660,359676320,00359676320-01,0.34578295350074767
661,359677968,00359677968-01,0.0017092473197408253
662,359677968,00359677968-02,2.5071616549769347e-06
663,359678111,00359678111-01,0.0002026601442366882
664,360020620,00360020620-01,0.004620410158841537
665,362104293,00362104293-01,0.34446067214012144
666,362259855,00362259855-01,0.0002831538913937948
667,366488770,00366488770-01,0.011789461206353736
668,366488770,00366488770-02,0.00017128457463968516
669,367681735,00367681735-01,2.933931939672063e-06
670,367681735,00367681735-02,7.1266335141984e-06
671,367683204,00367683204-01,3.0701192388815636e-05
672,367683204,00367683204-02,3.85412160626597e-05
673,367853806,00367853806-01,0.008349110864219255
674,368435330,00368435330-01,0.7291839599609375
675,368435513,00368435513-01,0.0024386121935094708
676,371590675,00371590675-01,0.11651744525879622
677,371793066,00371793066-01,0.0016388799674060997
678,373673928,00373673928-01,0.19014623761177063
679,373674502,00373674502-01,0.006494105809717129
680,373693175,00373693175-01,0.9450112402439117
681,376524552,00376524552-01,0.8497550904750824
682,376606423,00376606423-01,0.004492663336714031
683,376606423,00376606423-03,0.004022750990952772
684,376606423,00376606423-02,0.010536046026390977
685,376687853,00376687853-01,0.0025310429045930505
686,376689171,00376689171-01,0.0007210330794521269
687,376689171,00376689171-02,0.0004371586134020333
688,377190161,00377190161-01,0.03187118793139234
689,377190161,00377190161-02,0.00578159696306102
690,377192659,00377192659-01,0.011913995529175736
691,377192659,00377192659-02,1.4828390516774544e-17
692,377192675,00377192675-01,0.22575050182640552
693,377251803,00377251803-01,2.456984892798622e-05
694,377253090,00377253090-01,2.913533566220039e-05
695,377253090,00377253090-02,0.0011103439217777123
696,377307592,00377307592-01,0.00011577324459821625
697,377307592,00377307592-02,0.001524959122616565
698,377307592,00377307592-03,0.0006904825681885995
699,380582867,00380582867-01,0.05321636979933828
700,380584203,00380584203-01,5.097821904525568e-05
701,380618779,00380618779-01,0.00463582255433721
702,380618779,00380618779-02,0.007477967669278958
703,380618882,00380618882-01,0.34339133724570275
704,380618882,00380618882-02,0.1041943819494918
705,380618882,00380618882-03,0.003944344961746537
706,380669443,00380669443-01,0.008312378615123298
707,383676981,00383676981-01,0.06808051969856024
708,386969755,00386969755-01,0.004081219090949162
709,388799122,00388799122-01,0.056371664370954214
710,388843945,00388843945-01,0.0031730847643530067
711,388843945,00388843945-02,0.0043716939513728905
712,388916226,00388916226-01,2.1899350398286207e-06
713,389871619,00389871619-01,0.004730811129654633
714,389874323,00389874323-01,0.03667815402150154
715,389916225,00389916225-01,1.3509214260987168e-05
716,389916225,00389916225-02,0.010135574525338597
717,392368056,00392368056-01,0.0031045620373333803
718,392368057,00392368057-01,0.003099094733079255
719,392402786,00392402786-01,0.07732233921997249
720,392402786,00392402786-02,0.044024494960467564
721,392402786,00392402786-03,0.01543959379196167
722,392536805,00392536805-01,0.04051051975693554
723,392536812,00392536812-01,0.0007101701235285418
724,392536812,00392536812-02,0.0003217358850772456
725,393790580,00393790580-01,0.00030449772448662963
726,393857464,00393857464-01,0.0
727,393894013,00393894013-01,0.01345987934673758
728,393911494,00393911494-01,0.6556711465120315
729,399788405,00399788405-01,3.5091906800385764e-05
730,399788405,00399788405-02,0.00028273813019019656
731,405504882,00405504882-02,0.0
732,405504882,00405504882-01,0.023328109094290995
733,405525689,00405525689-01,1.5742508908560906e-09
734,405526704,00405526704-01,8.67915506283623e-05
735,405526704,00405526704-02,7.377174835769829e-05
736,406732815,00406732815-01,2.1934222784580904e-05
737,406732815,00406732815-02,4.6717712661803397e-07
738,406781370,00406781370-01,0.0008797917009815137
739,406781370,00406781370-02,0.0006069886875138764
740,406781370,00406781370-03,0.011134001886239276
741,406781370,00406781370-04,0.0012194944445582223
742,416195870,00416195870-01,0.8792997896671295
743,416538823,00416538823-01,0.0005994099415602249
744,416538839,00416538839-01,0.0012771711051072997
745,416538839,00416538839-02,0.0023116573463496824
746,416538839,00416538839-03,0.004301148567094515
747,417931607,00417931607-01,0.48476198613643645
748,417948359,00417948359-01,0.8413336336612701
749,420110967,00420110967-01,0.10239354246295988
750,420114772,00420114772-01,0.6408271789550781
751,420114772,00420114772-02,0.04842433659359813
752,420137341,00420137341-01,2.2203845547426544e-05
753,421334320,00421334320-01,0.009431135584226378
754,424439457,00424439457-01,0.0026212000579601607
755,424439457,00424439457-02,0.07054366021184251
756,424461577,00424461577-01,1.21080518358907e-05
757,424461577,00424461577-02,0.0004712040712092858
758,427581466,00427581466-01,0.006085614699648254
759,441641972,00441641972-01,0.004827881525534395
760,441641972,00441641972-02,0.005047910856660565
761,441642514,00441642514-01,8.528124947559945e-05
762,441686652,00441686652-01,4.2600505945637646e-21
763,441687696,00441687696-01,0.00828000908222748
764,441690583,00441690583-01,0.372146856226027
765,441690583,00441690583-02,0.010674687765640557
766,441690583,00441690583-03,0.015022719211992807
767,441694629,00441694629-01,0.11807130016386509
768,441694629,00441694629-02,0.10759343728423118
769,441708430,00441708430-01,0.006873595436627511
770,441732151,00441732151-01,0.1376357225701213
771,441732717,00441732717-01,0.22775789208062633
772,441734144,00441734144-01,4.3757271321487326e-05
773,441734144,00441734144-02,6.490552118965098e-05
774,441739153,00441739153-01,0.04003873475012369
775,441739153,00441739153-02,0.057443494827020915
776,441766591,00441766591-01,0.000789526815606223
777,441766591,00441766591-02,0.0010229858371636872
778,441800250,00441800250-01,0.0017642801016336308
779,441802347,00441802347-01,0.0008515013370922412
780,441804674,00441804674-01,0.0005816840294983194
781,441804674,00441804674-02,0.0038500573524970607
782,441804888,00441804888-01,0.009643313428387045
783,441807438,00441807438-01,0.0011749385551865998
784,441807438,00441807438-02,0.00529167122731451
785,441812894,00441812894-01,0.0005881238120309717
786,441812894,00441812894-02,0.2986416697502136
787,445829772,00445829772-01,0.007370796383474954
788,445836238,00445836238-01,0.005158564087469131
789,445836238,00445836238-02,0.00025251752249761257
790,445836238,00445836238-03,0.00259031102177687
791,445840930,00445840930-01,1.7522085023036222e-06
792,445859771,00445859771-01,0.780376523733139
793,446175401,00446175401-01,9.757098169984601e-05
794,458452691,00458452691-01,0.0023281192834474496
795,458452691,00458452691-02,0.0036848754483798985
796,458461293,00458461293-01,0.11769592240452767
797,458479571,00458479571-01,0.17288685177918522
798,458481461,00458481461-01,0.0007775779714393139
799,459190726,00459190726-01,0.16389393340796232
800,459222932,00459222932-01,0.0012876147968199803
801,459223887,00459223887-01,0.12380708984610464
802,459969957,00459969957-01,0.8665125787258148
803,459978466,00459978466-01,0.0015545247170848596
804,459978466,00459978466-02,0.003501566406339407
805,462555419,00462555419-01,0.00022728552705244894
806,467179528,00467179528-01,0.7086256861686706
807,467181063,00467181063-01,0.836305832862854
808,471011802,00471011802-01,8.37703389673234e-05
809,903484062,00903484062-01,0.008969861338846386
810,950324496,00950324496-01,0.01671554401036701
811,1102432419,01102432419-01,0.012760542158503085
812,1981303680,01981303680-01,0.004841433246446059
